{
    "arabica": [
        {
            "foto": "images/produk/product_capuchino.jpg",
            "nama": "Cappuccino Arabica",
            "size": "500 Gram",
            "harga": "200.000",
            "link": "https://www.google.com/search?q=cappuccino+arabica&tbm=shop"
        },
        {
            "foto": "images/produk/product_espresso.jpg",
            "nama": "Pahit Arabica",
            "size": "100 Gram",
            "harga": "100.000",
            "link": "https://www.google.com/search?q=pahit+arabica&tbm=shop"
        },
        {
            "foto": "images/produk/product_latte.jpg",
            "nama": "Latte Arabica",
            "size": "150 Gram",
            "harga": "150.000",
            "link": "https://www.google.com/search?q=latte+arabica&tbm=shop"
        }
    ],
    "robusta": [
        {
            "foto": "images/produk/product_kopi_susu.jpg",
            "nama": "Kopsus Robusta",
            "size": "100 Gram",
            "harga": "500.000",
            "link": "https://www.google.com/search?q=kopi+susu+robusta&tbm=shop"
        },
        {
            "foto": "images/produk/product_latte.jpg",
            "nama": "Latte Robusta",
            "size": "150 Gram",
            "harga": "150.000",
            "link": "https://www.google.com/search?q=latte+robusta&tbm=shop"
        }
    ]
   ,
   "nonkopi": [
     {
       "foto": "images/produk/product_kopi_susu.jpg",
       "nama": "Es Cendol",
       "size": "100 Gram",
       "harga": "500.000",
       "link": "https://www.google.com/search?q=kopi+susu+robusta&tbm=shop"
           },
     {
       "foto": "images/produk/product_latte.jpg",
       "nama": "Es Campur",
       "size": "150 Gram",
       "harga": "150.000",
       "link": "https://www.google.com/search?q=latte+robusta&tbm=shop"
           }
       ] 
}